/usr/lib/x86_64-linux-gnu/libpciaccess.so.0,50,13,17
/usr/bin/gnome-keyring-daemon,41,41,23
/usr/lib/x86_64-linux-gnu/libtasn1.so.6,56,69,25
/usr/bin/lxsession,45,68,27
/usr/lib/x86_64-linux-gnu/libwebp.so.5,35,25,13
/usr/lib/x86_64-linux-gnu/libcairo.so.2,52,61,20
/usr/lib/x86_64-linux-gnu/libatspi.so.0,51,99,4
/usr/lib/x86_64-linux-gnu/libICE.so.6,53,85,17
/usr/lib/x86_64-linux-gnu/libobt.so.2,33,83,10
/lib/systemd/systemd,45,12,18
/sbin/upstart-file-bridge,39,52,12
/usr/lib/x86_64-linux-gnu/libfwupd.so.1,31,56,19
/usr/lib/x86_64-linux-gnu/libwhoopsie.so.0,58,95,13
/lib/x86_64-linux-gnu/libattr.so.1,38,55,29
/usr/lib/x86_64-linux-gnu/libsasl2.so.2,47,93,10
/usr/lib/x86_64-linux-gnu/libpulse-mainloop-glib.so.0,45,14,7
/lib/x86_64-linux-gnu/libresolv.so.3,44,37,28
/usr/bin/git,47,36,4
/usr/lib/x86_64-linux-gnu/libwebpdemux.so.1,44,54,6
/lib/x86_64-linux-gnu/libnih-dbus.so.1,41,55,3
/usr/lib/x86_64-linux-gnu/libheimntlm.so.0,48,20,15
/usr/sbin/rsyslogd,51,59,22
/usr/lib/x86_64-linux-gnu/libbonobo-activation.so.4,37,60,23
/usr/bin/update-notifier,59,40,6
/usr/lib/x86_64-linux-gnu/libgcab-1.0.so.0,46,27,12
/usr/sbin/acpid,45,20,6
/usr/lib/x86_64-linux-gnu/libcairo-gobject.so.2,35,98,26
/usr/lib/x86_64-linux-gnu/libstartup-notification-1.so.0,31,56,12
/usr/sbin/apache2,34,68,30
/lib/x86_64-linux-gnu/libutil.so.1,44,29,7
/usr/lib/x86_64-linux-gnu/libgstreamer-1.0.so.0,50,43,16
/usr/lib/x86_64-linux-gnu/libpangocairo-1.0.so.0,47,25,3
/usr/lib/x86_64-linux-gnu/libaprutil-1.so.0,36,52,25
/usr/lib/x86_64-linux-gnu/libXinerama.so.1,39,26,14
/usr/lib/x86_64-linux-gnu/libcups.so.2,34,67,5
/usr/lib/x86_64-linux-gnu/deja-dup/libdeja.so,32,35,21
/usr/bin/nm-applet,55,88,12
/usr/lib/x86_64-linux-gnu/libgcr-base-3.so.1,54,49,17
/usr/lib/x86_64-linux-gnu/gvfs/libgvfscommon.so,41,94,13
/usr/lib/x86_64-linux-gnu/libgnutls.so.30,55,62,13
/usr/lib/x86_64-linux-gnu/libicudata.so.55,34,19,1
/usr/bin/openbox,34,11,24
/usr/lib/x86_64-linux-gnu/libyaml-0.so.2,31,88,24
/usr/lib/x86_64-linux-gnu/libwayland-egl.so.1,60,26,20
/usr/lib/x86_64-linux-gnu/libgnomeui-2.so.0,58,72,11
/usr/lib/x86_64-linux-gnu/bamf/bamfdaemon,49,29,24
/usr/lib/x86_64-linux-gnu/libdatrie.so.1,42,58,26
/usr/lib/x86_64-linux-gnu/libXRes.so.1,40,88,1
/usr/lib/x86_64-linux-gnu/libindicator.so.7,47,62,12
/usr/lib/sudo/libsudo_util.so.0,56,59,17
/usr/lib/x86_64-linux-gnu/libappindicator.so.1,48,91,29
/usr/lib/x86_64-linux-gnu/libharfbuzz.so.0,58,10,26
/bin/bash,38,10,27
/usr/lib/x86_64-linux-gnu/libwayland-client.so.0,55,39,25
/usr/sbin/irqbalance,41,24,18
/usr/lib/x86_64-linux-gnu/libpango-1.0.so.0,37,38,25
/usr/lib/x86_64-linux-gnu/libappindicator3.so.1,39,27,8
/usr/lib/x86_64-linux-gnu/libestr.so.0,47,41,21
/usr/bin/python,32,49,2
/usr/bin/screen,55,25,30
/usr/lib/x86_64-linux-gnu/libplist.so.3,43,57,26
/lib/x86_64-linux-gnu/libnsl.so.1,60,82,17
/usr/lib/x86_64-linux-gnu/libavahi-common.so.3,51,72,26
/usr/lib/x86_64-linux-gnu/libXau.so.6,51,39,22
/usr/lib/x86_64-linux-gnu/libvorbisfile.so.3,43,76,11
/usr/lib/gnome-online-accounts/goa-daemon,60,39,28
/usr/lib/x86_64-linux-gnu/libxcb-shm.so.0,52,26,8
/usr/lib/x86_64-linux-gnu/libgphoto2.so.6,34,55,26
/usr/lib/x86_64-linux-gnu/libkrb5.so.26,32,99,30
/usr/lib/nvidia-384/libGL.so.1,53,42,19
/usr/lib/x86_64-linux-gnu/libgdk-3.so.0,50,61,8
/usr/lib/x86_64-linux-gnu/libXfixes.so.3,59,56,9
/usr/lib/x86_64-linux-gnu/libappstream-glib.so.8,47,60,8
/usr/lib/x86_64-linux-gnu/libp11-kit.so.0,33,16,27
/usr/lib/x86_64-linux-gnu/libpcre16.so.3,58,84,10
/usr/lib/x86_64-linux-gnu/libgusb.so.2,33,24,15
/usr/lib/x86_64-linux-gnu/libudisks2.so.0,44,29,11
/usr/lib/x86_64-linux-gnu/libassuan.so.0,51,35,13
/usr/lib/x86_64-linux-gnu/libjavascriptcoregtk-4.0.so.18,47,58,12
/usr/lib/gvfs/gvfs-udisks2-volume-monitor,43,13,5
/lib/x86_64-linux-gnu/libatasmart.so.4,53,28,15
/usr/lib/x86_64-linux-gnu/gvfs/libgvfsdaemon.so,60,11,23
/lib/x86_64-linux-gnu/libexpat.so.1,41,93,21
/usr/lib/x86_64-linux-gnu/libgsttag-1.0.so.0,33,28,1
/usr/lib/gvfs/gvfs-mtp-volume-monitor,32,80,17
/usr/lib/x86_64-linux-gnu/libzeitgeist-2.0.so.0,54,34,20
/usr/lib/x86_64-linux-gnu/libxshmfence.so.1,45,84,21
/usr/lib/x86_64-linux-gnu/libgck-1.so.0,37,29,24
/usr/lib/upower/upowerd,52,74,9
/usr/lib/x86_64-linux-gnu/libxkbcommon.so.0,34,28,6
/usr/lib/x86_64-linux-gnu/libidn.so.11,41,80,4
/lib/x86_64-linux-gnu/libsystemd.so.0,37,94,7
/usr/bin/sudo,49,88,16
/lib/x86_64-linux-gnu/libssl.so.1.0.0,54,69,19
/usr/lib/gvfs/gvfsd-http,46,55,2
/usr/bin/less,31,80,3
/usr/bin/zeitgeist-datahub,32,54,20
/lib/x86_64-linux-gnu/libmount.so.1,39,61,11
/lib/x86_64-linux-gnu/libm.so.6,60,90,30
/usr/lib/gvfs/gvfsd-trash,39,49,12
/lib/x86_64-linux-gnu/libwrap.so.0,31,33,14
/lib/x86_64-linux-gnu/libisc-export.so.160,45,48,27
/usr/lib/x86_64-linux-gnu/libpolkit-agent-1.so.0,53,66,19
/usr/bin/perl,56,98,28
/usr/bin/pcmanfm,48,17,4
/usr/lib/x86_64-linux-gnu/libgraphite2.so.3,57,27,9
/usr/sbin/sshd,33,54,28
/usr/lib/x86_64-linux-gnu/libicuuc.so.55,60,27,22
/usr/lib/x86_64-linux-gnu/libffi.so.6,43,96,9
/usr/lib/x86_64-linux-gnu/libfm.so.4,41,58,25
/usr/lib/x86_64-linux-gnu/libart_lgpl_2.so.2,36,51,1
/usr/lib/x86_64-linux-gnu/gconf/gconfd-2,37,13,16
/sbin/upstart,41,68,16
/usr/lib/x86_64-linux-gnu/libQt5Core.so.5,56,72,1
/usr/lib/x86_64-linux-gnu/libkrb5.so.3,51,27,13
/lib/x86_64-linux-gnu/libgcc_s.so.1,55,54,18
/usr/lib/x86_64-linux-gnu/libXext.so.6,41,46,26
/lib/x86_64-linux-gnu/libtinfo.so.5,44,89,30
/usr/lib/x86_64-linux-gnu/libvorbis.so.0,52,32,19
/usr/lib/x86_64-linux-gnu/libepoxy.so.0,58,19,15
/usr/lib/x86_64-linux-gnu/libwnck-3.so.0,32,84,25
/usr/lib/x86_64-linux-gnu/libgstvideo-1.0.so.0,45,94,26
/usr/lib/x86_64-linux-gnu/libgmp.so.10,49,67,18
/usr/bin/x11vnc,54,68,7
/usr/lib/x86_64-linux-gnu/libgstfft-1.0.so.0,36,77,11
/lib/systemd/systemd-resolved,40,35,4
/usr/lib/x86_64-linux-gnu/libmenu-cache.so.3,57,89,11
/lib/x86_64-linux-gnu/liblzo2.so.2,37,10,22
/usr/bin/ssh-agent,42,51,25
/lib/systemd/systemd-udevd,49,38,30
/usr/lib/x86_64-linux-gnu/libasyncns.so.0,35,30,10
/lib/x86_64-linux-gnu/libaudit.so.1,48,38,13
/usr/lib/x86_64-linux-gnu/libheimbase.so.1,35,96,1
/lib/systemd/systemd-logind,35,22,10
/usr/lib/x86_64-linux-gnu/libgssapi_krb5.so.2,34,18,24
/usr/lib/gvfs/gvfs-afc-volume-monitor,51,51,19
/usr/lib/x86_64-linux-gnu/libtcl8.6.so,37,69,30
/lib/x86_64-linux-gnu/liblzma.so.5,42,21,12
/usr/lib/x86_64-linux-gnu/libmm-glib.so.0,32,96,29
/usr/lib/x86_64-linux-gnu/libperl.so.5.22,48,70,5
/usr/lib/x86_64-linux-gnu/libnm.so.0,34,19,19
/usr/lib/x86_64-linux-gnu/librest-0.7.so.0,59,55,4
/lib/x86_64-linux-gnu/libuuid.so.1,47,53,23
/lib/x86_64-linux-gnu/libisccfg-export.so.140,39,76,18
/usr/lib/x86_64-linux-gnu/libgio-2.0.so.0,43,73,6
/usr/lib/x86_64-linux-gnu/libbonoboui-2.so.0,49,22,1
/usr/lib/indicator-sound-gtk2/indicator-sound-service,48,42,30
/usr/lib/libkeybinder.so.0,36,45,8
/usr/lib/x86_64-linux-gnu/libpython3.5m.so.1.0,53,24,22
/usr/bin/find,45,53,16
/usr/lib/x86_64-linux-gnu/libgstpbutils-1.0.so.0,53,34,4
/lib/x86_64-linux-gnu/librt.so.1,50,14,4
/usr/sbin/dhcpd,51,83,4
/usr/lib/x86_64-linux-gnu/libgssapi.so.3,36,77,4
/usr/lib/x86_64-linux-gnu/libsqlite3.so.0,45,11,13
/usr/lib/x86_64-linux-gnu/librsvg-2.so.2,45,60,15
/usr/lib/x86_64-linux-gnu/libldap_r-2.4.so.2,36,55,10
/usr/lib/x86_64-linux-gnu/libdbus-glib-1.so.2,48,88,1
/usr/lib/x86_64-linux-gnu/libORBit-2.so.0,50,62,2
/usr/lib/x86_64-linux-gnu/libdbusmenu-glib.so.4,33,60,27
/usr/lib/x86_64-linux-gnu/libX11.so.6,38,77,13
/usr/lib/x86_64-linux-gnu/libdee-1.0.so.4,54,71,18
/lib/x86_64-linux-gnu/libpcre.so.3,43,92,8
/usr/lib/x86_64-linux-gnu/libtdb.so.1,57,100,2
/usr/lib/nvidia-384/libnvidia-glcore.so.384.130,54,16,23
/usr/lib/x86_64-linux-gnu/libdbusmenu-gtk.so.4,49,90,28
/usr/lib/x86_64-linux-gnu/libicui18n.so.55,43,51,22
/usr/lib/x86_64-linux-gnu/libgoa-backend-1.0.so.1,53,66,10
/usr/lib/x86_64-linux-gnu/libgtk-3.so.0,58,48,7
/usr/lib/x86_64-linux-gnu/libgailutil.so.18,33,78,16
/lib/x86_64-linux-gnu/libdbus-1.so.3,58,99,14
/usr/lib/x86_64-linux-gnu/libkj-0.5.3.so,56,23,12
/lib/x86_64-linux-gnu/libz.so.1,60,81,25
/usr/lib/x86_64-linux-gnu/libfontenc.so.1,31,70,23
/usr/lib/gvfs/gvfsd,34,30,21
/usr/lib/x86_64-linux-gnu/libXdamage.so.1,34,33,9
/lib/x86_64-linux-gnu/libudev.so.1,35,59,28
/usr/lib/x86_64-linux-gnu/libXcursor.so.1,37,61,24
/usr/lib/x86_64-linux-gnu/libXt.so.6,41,15,9
/usr/lib/x86_64-linux-gnu/libcapnp-0.5.3.so,49,21,28
/usr/sbin/xinetd,47,91,18
/usr/lib/x86_64-linux-gnu/libarchive.so.13,58,74,21
/lib/x86_64-linux-gnu/libcrypt.so.1,57,39,18
/usr/lib/x86_64-linux-gnu/libgtkspell3-3.so.0,42,48,7
/usr/lib/x86_64-linux-gnu/libgobject-2.0.so.0,43,28,30
/usr/lib/x86_64-linux-gnu/libgdk_pixbuf-2.0.so.0,49,81,23
/usr/lib/x86_64-linux-gnu/libsoup-gnome-2.4.so.1,50,78,5
/usr/lib/x86_64-linux-gnu/libgtk-x11-2.0.so.0,60,33,14
/lib/x86_64-linux-gnu/libglib-2.0.so.0,43,46,9
/lib/x86_64-linux-gnu/libcom_err.so.2,49,62,21
/usr/lib/x86_64-linux-gnu/libhx509.so.5,54,82,6
/lib/systemd/systemd-journald,53,90,15
/usr/bin/gnome-software,35,97,15
/usr/bin/docker-containerd,31,75,29
/lib/x86_64-linux-gnu/libkeyutils.so.1,48,17,3
/usr/lib/x86_64-linux-gnu/libgudev-1.0.so.0,50,39,2
/usr/lib/gvfs/gvfsd-fuse,60,96,2
/usr/lib/x86_64-linux-gnu/libImlib2.so.1,53,79,25
/usr/lib/x86_64-linux-gnu/libupower-glib.so.3,48,38,12
/usr/lib/x86_64-linux-gnu/libvncserver.so.1,38,14,17
/usr/lib/x86_64-linux-gnu/libdbusmenu-gtk3.so.4,38,71,22
/usr/lib/x86_64-linux-gnu/libnuma.so.1,60,64,28
/usr/lib/x86_64-linux-gnu/libwayland-cursor.so.0,39,81,12
/lib/x86_64-linux-gnu/libselinux.so.1,52,91,1
/lib/systemd/systemd-networkd,50,96,26
/sbin/dhclient,42,95,29
/usr/lib/x86_64-linux-gnu/libruby-2.3.so.2.3,53,88,30
/usr/lib/x86_64-linux-gnu/libasn1.so.8,32,37,15
/usr/bin/whoopsie,50,38,22
/usr/bin/ssh,31,49,3
/usr/lib/xorg/Xorg,36,12,11
/usr/bin/lxpanel,59,42,4
/usr/lib/at-spi2-core/at-spi2-registryd,36,35,17
/usr/lib/x86_64-linux-gnu/libgstaudio-1.0.so.0,56,93,14
/usr/lib/x86_64-linux-gnu/libsoup-2.4.so.1,32,73,27
/usr/lib/x86_64-linux-gnu/libjpeg.so.8,55,85,1
/usr/lib/x86_64-linux-gnu/libXtst.so.6,31,14,18
/usr/lib/x86_64-linux-gnu/libgnome-desktop-3.so.12,45,35,4
/usr/lib/x86_64-linux-gnu/libvncclient.so.1,47,82,3
/usr/lib/x86_64-linux-gnu/libevent-2.0.so.5,56,59,29
/usr/bin/vim,52,19,2
/usr/lib/x86_64-linux-gnu/libgstbase-1.0.so.0,43,53,22
/usr/lib/x86_64-linux-gnu/libusbmuxd.so.4,50,64,24
/usr/lib/x86_64-linux-gnu/libwind.so.0,37,80,26
/usr/bin/xfce4-power-manager,42,17,7
/usr/lib/x86_64-linux-gnu/libXdmcp.so.6,58,59,15
/usr/lib/x86_64-linux-gnu/libspeexdsp.so.1,55,21,30
/usr/lib/x86_64-linux-gnu/liborc-0.4.so.0,56,97,15
/usr/lib/x86_64-linux-gnu/indicator-application-service,54,77,15
/usr/lib/x86_64-linux-gnu/libgpm.so.2,50,12,17
/usr/lib/x86_64-linux-gnu/hud/window-stack-bridge,60,31,29
/usr/lib/gvfs/gvfsd-dnssd,51,19,28
/lib/x86_64-linux-gnu/libfuse.so.2,33,87,10
/lib/x86_64-linux-gnu/libcgmanager.so.0,37,73,20
/usr/lib/nvidia-384/libEGL.so.1,38,32,29
/usr/lib/x86_64-linux-gnu/libxfconf-0.so.2,48,68,29
/lib/x86_64-linux-gnu/libbz2.so.1.0,56,45,16
/usr/bin/tail,47,40,7
/usr/lib/gvfs/gvfsd-metadata,45,98,8
/lib/x86_64-linux-gnu/libc.so.6,47,78,1
/lib/x86_64-linux-gnu/libirs-export.so.141,42,67,7
/lib/x86_64-linux-gnu/libgpg-error.so.0,54,78,28
/usr/lib/x86_64-linux-gnu/libpolkit-backend-1.so.0,31,17,27
/lib/x86_64-linux-gnu/libtirpc.so.1,45,86,15
/sbin/agetty,57,40,26
/usr/lib/x86_64-linux-gnu/libcanberra.so.0,52,37,24
/lib/x86_64-linux-gnu/libbsd.so.0,35,19,11
/usr/lib/x86_64-linux-gnu/libstdc++.so.6,48,73,10
/lib/x86_64-linux-gnu/libacl.so.1,51,34,18
/lib/x86_64-linux-gnu/libjson-c.so.2,42,36,28
/usr/lib/x86_64-linux-gnu/libnettle.so.6,44,51,28
/usr/lib/x86_64-linux-gnu/libgnomevfs-2.so.0,47,17,4
/bin/ps,47,100,8
/usr/lib/x86_64-linux-gnu/libboost_filesystem.so.1.58.0,51,89,8
/usr/sbin/atd,50,79,17
/usr/lib/gvfs/gvfs-gphoto2-volume-monitor,41,20,12
/home/bhs/pycharm-community/jre64/bin/java,59,28,8
/usr/lib/libvte.so.9,44,55,16
/usr/lib/x86_64-linux-gnu/libatk-1.0.so.0,56,47,23
/usr/lib/x86_64-linux-gnu/libQt5DBus.so.5,43,44,1
/usr/lib/x86_64-linux-gnu/libimobiledevice.so.6,42,79,9
/usr/lib/x86_64-linux-gnu/libnotify.so.4,59,39,20
/usr/lib/dconf/dconf-service,41,51,21
/usr/lib/x86_64-linux-gnu/libmirprotobuf.so.3,51,77,19
/usr/lib/x86_64-linux-gnu/liblua5.2.so.0,43,91,1
/lib/x86_64-linux-gnu/libcap.so.2,41,48,17
/usr/lib/x86_64-linux-gnu/libpangoft2-1.0.so.0,39,87,9
/usr/lib/x86_64-linux-gnu/libcupsmime.so.1,56,58,3
/usr/lib/x86_64-linux-gnu/libXcomposite.so.1,36,53,13
/usr/lib/x86_64-linux-gnu/libharfbuzz-icu.so.0,57,50,8
/bin/sh,44,85,18
/lib/x86_64-linux-gnu/libprocps.so.4,52,29,13
/usr/lib/x86_64-linux-gnu/libatk-bridge-2.0.so.0,33,40,3
/usr/sbin/lightdm,47,99,29
/usr/lib/rtkit/rtkit-daemon,46,36,10
/usr/bin/dbus-daemon,51,39,13
/usr/lib/x86_64-linux-gnu/libthai.so.0,33,70,6
/usr/lib/x86_64-linux-gnu/libgphoto2_port.so.12,51,10,26
/usr/lib/x86_64-linux-gnu/libxcb-util.so.1,35,38,3
/usr/lib/x86_64-linux-gnu/libgstapp-1.0.so.0,50,79,23
/usr/lib/gvfs/gvfsd-network,39,74,8
/lib/x86_64-linux-gnu/libkmod.so.2,40,43,27
/sbin/upstart-udev-bridge,52,36,30
/usr/lib/x86_64-linux-gnu/pulseaudio/libpulsecommon-8.0.so,57,47,13
/home/bhs/anaconda3/bin/python,47,88,2
/usr/sbin/rpc.mountd,44,53,8
/lib/x86_64-linux-gnu/libapparmor.so.1,58,22,8
/usr/lib/x86_64-linux-gnu/libXrandr.so.2,31,67,23
/usr/lib/x86_64-linux-gnu/liblber-2.4.so.2,60,85,21
/lib/x86_64-linux-gnu/libdevmapper.so.1.02.1,54,67,6
/usr/lib/x86_64-linux-gnu/deja-dup/deja-dup-monitor,55,22,22
/usr/lib/x86_64-linux-gnu/libgtop-2.0.so.10,38,20,26
/usr/lib/openssh/sftp-server,34,62,10
/usr/lib/x86_64-linux-gnu/libdrm.so.2,35,22,16
/usr/lib/nvidia-384/tls/libnvidia-tls.so.384.130,55,55,16
/usr/lib/x86_64-linux-gnu/libbonobo-2.so.0,50,88,22
/usr/sbin/ofonod,57,37,10
/usr/lib/x86_64-linux-gnu/libXi.so.6,48,11,10
/usr/lib/x86_64-linux-gnu/libxfce4util.so.7,41,92,9
/usr/lib/x86_64-linux-gnu/libboost_system.so.1.58.0,50,99,18
/usr/lib/x86_64-linux-gnu/libgmodule-2.0.so.0,52,77,13
/usr/lib/x86_64-linux-gnu/libFLAC.so.8,33,35,18
/usr/lib/x86_64-linux-gnu/libgoa-1.0.so.0,45,40,17
/usr/lib/x86_64-linux-gnu/libgdk-x11-2.0.so.0,38,35,5
/usr/lib/x86_64-linux-gnu/libhcrypto.so.4,45,22,11
/usr/lib/x86_64-linux-gnu/libpixman-1.so.0,33,58,26
/usr/lib/x86_64-linux-gnu/libwebkit2gtk-4.0.so.37,31,75,10
/usr/lib/x86_64-linux-gnu/libmirclient.so.9,33,22,25
/usr/lib/x86_64-linux-gnu/libxfce4ui-1.so.0,38,98,9
/usr/lib/x86_64-linux-gnu/libpangoxft-1.0.so.0,57,55,28
/usr/lib/x86_64-linux-gnu/libsecret-1.so.0,41,24,11
/usr/lib/x86_64-linux-gnu/libogg.so.0,54,75,30
/usr/lib/x86_64-linux-gnu/libenchant.so.1,50,45,8
/usr/lib/x86_64-linux-gnu/libxslt.so.1,55,39,8
/usr/lib/x86_64-linux-gnu/librtmp.so.1,54,29,23
/usr/lib/x86_64-linux-gnu/libXrender.so.1,50,82,19
/lib/x86_64-linux-gnu/libdns-export.so.162,31,46,6
/usr/lib/x86_64-linux-gnu/libSM.so.6,54,63,27
/usr/lib/x86_64-linux-gnu/libk5crypto.so.3,54,62,25
/usr/lib/x86_64-linux-gnu/libpeas-1.0.so.0,58,80,12
/usr/lib/nvidia-384/libGLdispatch.so.0,34,76,21
/lib/x86_64-linux-gnu/libdl.so.2,31,51,25
/usr/sbin/cupsd,31,88,8
/usr/lib/x86_64-linux-gnu/libpulse.so.0,60,89,29
/usr/lib/x86_64-linux-gnu/libfontconfig.so.1,39,41,17
/usr/bin/minicom,44,92,25
/lib/x86_64-linux-gnu/libgcrypt.so.20,32,31,16
/usr/bin/vi,57,94,12
/usr/lib/x86_64-linux-gnu/libhogweed.so.4,41,52,11
/lib/x86_64-linux-gnu/libpopt.so.0,43,82,6
/usr/lib/x86_64-linux-gnu/libfreetype.so.6,37,14,3
/lib/x86_64-linux-gnu/libnfsidmap.so.0,58,52,2
/usr/lib/at-spi2-core/at-spi-bus-launcher,33,36,5
/usr/lib/x86_64-linux-gnu/libcares.so.2,50,41,1
/usr/lib/x86_64-linux-gnu/libindicator3.so.7,45,61,30
/usr/lib/x86_64-linux-gnu/libwnck-1.so.22,49,84,13
/sbin/rpcbind,34,35,18
/usr/lib/x86_64-linux-gnu/libgee-0.8.so.2,58,45,28
/usr/lib/x86_64-linux-gnu/lxpanel/liblxpanel.so.0,55,51,18
/usr/bin/zeitgeist-daemon,55,57,6
/home/bhs/pycharm-community/jre64/bin/../lib/amd64/jli/libjli.so,36,18,5
/usr/lib/x86_64-linux-gnu/pulseaudio/libpulsecore-8.0.so,49,93,7
/usr/lib/x86_64-linux-gnu/libgnomecanvas-2.so.0,53,75,30
/usr/sbin/cups-browsed,43,97,4
/usr/lib/x86_64-linux-gnu/libgpgme.so.11,43,31,2
/usr/lib/x86_64-linux-gnu/libpaper.so.1,46,22,24
/usr/lib/x86_64-linux-gnu/libkrb5support.so.0,60,89,13
/usr/lib/x86_64-linux-gnu/libwayland-server.so.0,41,29,11
/usr/lib/x86_64-linux-gnu/libobrender.so.32,60,83,21
/usr/sbin/rpc.idmapd,54,20,9
/usr/lib/x86_64-linux-gnu/libexif.so.12,43,40,6
/usr/lib/x86_64-linux-gnu/libpolkit-gobject-1.so.0,44,22,1
/usr/lib/x86_64-linux-gnu/libgnome-keyring.so.0,42,20,11
/lib/x86_64-linux-gnu/libnih.so.1,53,61,15
/usr/bin/pulseaudio,42,96,12
/usr/lib/x86_64-linux-gnu/libavahi-glib.so.1,35,94,22
/usr/lib/x86_64-linux-gnu/libmircore.so.1,53,27,25
/usr/lib/x86_64-linux-gnu/libcurl.so.4,60,62,5
/usr/lib/x86_64-linux-gnu/libgthread-2.0.so.0,49,95,4
/lib/x86_64-linux-gnu/libusb-1.0.so.0,35,85,19
/usr/bin/clipit,43,11,29
/usr/lib/x86_64-linux-gnu/libX11-xcb.so.1,36,49,14
/usr/lib/x86_64-linux-gnu/libgconf-2.so.4,46,44,21
/usr/lib/x86_64-linux-gnu/libprotobuf-lite.so.9,49,85,14
/usr/lib/x86_64-linux-gnu/fwupd/fwupd,41,48,19
/lib/x86_64-linux-gnu/libblkid.so.1,58,89,15
/usr/lib/x86_64-linux-gnu/libavahi-client.so.3,56,78,25
/lib/x86_64-linux-gnu/libcrypto.so.1.0.0,60,28,9
/usr/lib/x86_64-linux-gnu/libroken.so.18,34,47,28
/usr/lib/x86_64-linux-gnu/libfm-gtk.so.4,32,82,27
/usr/lib/x86_64-linux-gnu/libnma.so.0,33,31,22
/usr/lib/menu-cache/menu-cached,37,94,14
/usr/lib/accountsservice/accounts-daemon,37,31,5
/usr/lib/x86_64-linux-gnu/libcroco-0.6.so.3,54,42,2
/usr/lib/x86_64-linux-gnu/libXft.so.2,35,52,16
/usr/lib/x86_64-linux-gnu/libmircommon.so.7,31,68,11
/usr/bin/lxterminal,47,94,24
/usr/lib/x86_64-linux-gnu/libxapian.so.22,58,74,25
/usr/lib/x86_64-linux-gnu/libjson-glib-1.0.so.0,55,55,12
/usr/lib/gnome-online-accounts/goa-identity-service,46,46,11
/lib/x86_64-linux-gnu/libpam.so.0,53,24,2
/usr/lib/x86_64-linux-gnu/libapr-1.so.0,37,100,20
/usr/lib/x86_64-linux-gnu/libgirepository-1.0.so.1,46,79,16
/usr/lib/x86_64-linux-gnu/libxml2.so.2,46,26,9
/usr/sbin/cron,45,14,12
/sbin/upstart-dbus-bridge,36,57,24
/usr/lib/x86_64-linux-gnu/libXfont2.so.2,33,14,28
/usr/lib/x86_64-linux-gnu/libxcb-render.so.0,50,69,24
/usr/lib/x86_64-linux-gnu/libxcb.so.1,53,82,8
/usr/lib/x86_64-linux-gnu/libltdl.so.7,53,44,15
/usr/lib/gvfs/gvfs-goa-volume-monitor,55,57,17
/lib/x86_64-linux-gnu/libpthread.so.0,43,60,18
/usr/lib/x86_64-linux-gnu/xfce4/xfconf/xfconfd,52,68,23
/usr/lib/x86_64-linux-gnu/libgnome-2.so.0,39,52,28
/lib/x86_64-linux-gnu/libseccomp.so.2,53,67,29
/usr/lib/bluetooth/bluetoothd,48,10,18
/usr/lib/x86_64-linux-gnu/libvorbisenc.so.2,48,45,3
/usr/bin/dockerd,40,25,30
/usr/lib/x86_64-linux-gnu/libsndfile.so.1,53,87,6
/usr/lib/policykit-1/polkitd,43,94,10
/usr/lib/x86_64-linux-gnu/libORBitCosNaming-2.so.0,54,63,20
/usr/lib/x86_64-linux-gnu/libtelepathy-glib.so.0,38,33,8
/usr/lib/x86_64-linux-gnu/libcap-ng.so.0,51,84,19
/usr/lib/udisks2/udisksd,43,52,30
/lib/x86_64-linux-gnu/libpng12.so.0,38,53,12
/usr/lib/x86_64-linux-gnu/libhyphen.so.0,59,53,23
/usr/lib/x86_64-linux-gnu/zeitgeist-fts,39,30,19
/usr/bin/gvfs-save,55,81,25
/bin/cp,41,47,27
/usr/bin/isodump,46,97,24
/bin/tailf,33,88,22
/usr/bin/crontab,53,50,2
/usr/lib/x86_64-linux-gnu/libdbus-1.so,47,55,15
/usr/bin/gvfs-monitor-dir,55,22,24
/usr/bin/catman,38,60,15
/usr/lib/x86_64-linux-gnu/gtk-2.0/2.10.0/printbackends/libprintbackend-file.so,47,37,25
/usr/bin/gemtopnm,46,29,19
/bin/udevadm,55,100,18
/usr/bin/col,43,93,8
/usr/bin/fc-query,53,90,18
/usr/bin/p11-kit,51,65,3
/usr/bin/calendar,34,48,13
/usr/lib/x86_64-linux-gnu/libbluetooth.so,56,100,9
/usr/lib/x86_64-linux-gnu/unity/unity-scope-applications.so,56,34,1
/usr/bin/mkfontdir,40,30,5
/usr/lib/x86_64-linux-gnu/gtk-2.0/2.10.0/immodules/im-fcitx.so,54,10,13
/usr/lib/x86_64-linux-gnu/gtk-3.0/3.0.0/immodules/im-ipa.so,50,96,19
/usr/bin/diffstat,55,64,18
/usr/bin/intel_bios_dumper,32,46,8
/usr/bin/pbmupc,32,77,1
/usr/bin/gdbtui,42,61,4
/bin/echo,52,64,26
/usr/lib/x86_64-linux-gnu/libXext.so,35,51,27
/usr/bin/cmuwmtopbm,31,75,30
/usr/bin/createfontdatachunk,58,82,15
/usr/lib/x86_64-linux-gnu/libexpatw.so,35,36,12
/lib/x86_64-linux-gnu/libpthread-2.23.so,45,41,21
/usr/bin/pbmtopgm,49,78,27
/usr/bin/pbmclean,44,80,17
/bin/chown,35,35,21
/usr/bin/brltty-ctb,39,92,8
/usr/bin/alsabat,52,24,10
/usr/bin/intel_watermark,42,82,1
/usr/lib/x86_64-linux-gnu/libutil.so,37,93,23
/usr/lib/x86_64-linux-gnu/libtic.so,54,16,16
/bin/findmnt,59,27,7
/usr/bin/du,54,80,28
/bin/chacl,39,11,16
/lib/x86_64-linux-gnu/libnss_dns-2.23.so,51,29,28
/bin/systemd-inhibit,56,45,26
/bin/journalctl,38,68,21
/bin/ntfsinfo,39,28,29
/usr/bin/gsettings-data-convert,36,69,10
/usr/lib/x86_64-linux-gnu/libcidn.so,38,28,13
/usr/bin/pbmto10x,49,73,17
/usr/bin/codepage,51,22,21
/usr/bin/enhancer,44,84,11
/bin/systemd-tmpfiles,34,59,15
/usr/bin/intel_gpu_top,39,39,10
/usr/bin/gvfs-monitor-file,41,58,5
/usr/bin/groff,50,95,25
/usr/bin/cd-it8,59,56,1
/usr/bin/column,41,66,16
/usr/bin/explode,54,65,2
/bin/fgrep,39,68,27
/usr/bin/interdiff,55,34,3
/lib/x86_64-linux-gnu/libmvec-2.23.so,60,16,24
/usr/bin/pbmpscale,46,70,26
/usr/bin/mk_modmap,42,56,24
/usr/lib/x86_64-linux-gnu/libnss_nis.so,42,100,20
/usr/bin/dbus-send,58,42,7
/usr/bin/kerneloops-submit,53,40,29
/bin/bzexe,48,64,21
/usr/bin/fakeroot-tcp,39,58,18
/usr/bin/fitstopnm,45,72,3
/bin/btrfs-image,38,39,1
/usr/bin/gvfs-mount,35,38,30
/usr/bin/isovfy,35,40,23
/lib/x86_64-linux-gnu/librt-2.23.so,57,22,17
/usr/lib/x86_64-linux-gnu/libfdt-1.4.0.so,47,44,4
/lib/x86_64-linux-gnu/libnfsidmap/static.so,59,81,12
/usr/lib/x86_64-linux-gnu/libkmod.so,38,41,27
/lib/x86_64-linux-gnu/libnss_hesiod-2.23.so,51,52,30
/usr/bin/hciattach,56,41,7
/lib/x86_64-linux-gnu/libacl.so,54,18,16
/usr/lib/x86_64-linux-gnu/libnss_files.so,50,44,25
/usr/bin/editres,49,14,10
/usr/bin/groups,55,38,3
/bin/loginctl,35,11,30
/lib/x86_64-linux-gnu/security/pam_cifscreds.so,54,86,8
/usr/bin/aplay,47,22,19
/usr/bin/mxtar,49,71,26
/usr/bin/peekfd,34,59,8
/bin/btrfstune,56,23,21
/usr/bin/isoinfo,36,46,29
/usr/lib/x86_64-linux-gnu/gtk-2.0/2.10.0/immodules/im-multipress.so,34,91,1
/usr/lib/x86_64-linux-gnu/libxcb-randr.so,44,42,4
/usr/bin/obexctl,60,59,10
/usr/bin/fc-match,31,88,2
/usr/lib/x86_64-linux-gnu/libpython2.7.so,58,29,6
/usr/lib/x86_64-linux-gnu/libfdt.so,41,99,20
/usr/lib/x86_64-linux-gnu/gtk-2.0/2.10.0/immodules/im-cedilla.so,36,68,18
/usr/lib/x86_64-linux-gnu/libcurses.so,39,29,6
/usr/bin/dbus-uuidgen,55,92,12
/usr/bin/atktopbm,36,57,1
/usr/lib/x86_64-linux-gnu/libapparmor.so,32,95,27
/usr/bin/intel_forcewaked,34,12,20
/usr/bin/pbmtoxbm,40,18,1
/usr/bin/notify-send,43,42,14
/lib/x86_64-linux-gnu/libnss_compat-2.23.so,59,100,8
/usr/bin/chcon,33,57,12
/usr/bin/fc-validate,43,86,15
/usr/bin/alsamixer,59,24,29
/usr/lib/x86_64-linux-gnu/libbrlapi.so,35,23,13
/usr/bin/dbus-cleanup-sockets,35,25,29
/usr/lib/x86_64-linux-gnu/libncurses.so,31,20,20
/usr/bin/cksum,59,61,7
/usr/bin/oclock,44,14,19
/usr/bin/mdatopbm,55,65,18
/usr/bin/ischroot,36,83,20
/usr/lib/x86_64-linux-gnu/gtk-2.0/2.10.0/immodules/im-ibus.so,40,52,8
/usr/bin/appres,43,63,9
/bin/systemd-escape,45,97,18
/usr/bin/gconftool-2,42,52,17
/usr/bin/gvfs-mime,52,39,2
/usr/bin/cd-create-profile,52,74,24
/usr/bin/gifmaker,35,80,9
/usr/bin/pamstretch-gen,48,86,18
/bin/lsblk,42,84,20
/usr/lib/x86_64-linux-gnu/libgettextsrc.so,40,27,10
/usr/bin/mimetype,42,63,30
/usr/bin/chardetect3,59,75,20
/usr/bin/dc,53,99,13
/bin/egrep,52,47,26
/usr/bin/l2ping,45,56,6
/usr/lib/x86_64-linux-gnu/gtk-2.0/2.10.0/immodules/im-am-et.so,47,91,19
/usr/lib/x86_64-linux-gnu/libpcre32.so,34,16,7
/usr/bin/pbmlife,52,75,15
/usr/lib/x86_64-linux-gnu/gtk-2.0/2.10.0/printbackends/libprintbackend-cups.so,31,49,10
/usr/bin/arping,52,66,21
/usr/bin/eqn,38,27,28
/usr/bin/411toppm,55,31,7
/usr/bin/enchant-lsmod,47,44,9
/usr/bin/mmcli,37,70,17
/usr/bin/bc,55,45,1
/usr/bin/gvfs-cat,43,36,26
/usr/bin/pbmtopi3,46,51,14
